{
  "entropy": {
    "robust_mean": 4.760072674449144,
    "robust_std": 0.10916366695123557,
    "fragile_mean": 4.755526811227828,
    "fragile_std": 0.09790316796085013,
    "p_value": 0.9171602323148276,
    "effect_size": 0.042141093084130006,
    "difference": 0.004545863221316004
  },
  "concentration_ratio": {
    "robust_mean": 0.6197081706891785,
    "robust_std": 0.04110430104503866,
    "fragile_mean": 0.6209830880287421,
    "fragile_std": 0.0354142187528777,
    "p_value": 0.8580164124205798,
    "effect_size": -0.03161414085805543,
    "difference": -0.0012749173395636415
  },
  "gini_coefficient": {
    "robust_mean": 0.694131461557883,
    "robust_std": 0.032079225911967664,
    "fragile_mean": 0.6954754258424941,
    "fragile_std": 0.029905759752078726,
    "p_value": 0.9171602323148276,
    "effect_size": -0.04208456787392677,
    "difference": -0.0013439642846111433
  },
  "uniformity_index": {
    "robust_mean": 0.31569245907393817,
    "robust_std": 0.01788793150325183,
    "fragile_mean": 0.3150270806793406,
    "fragile_std": 0.01484667582686406,
    "p_value": 0.970130882288157,
    "effect_size": 0.03815207139365693,
    "difference": 0.0006653783945975711
  }
}